featureType,protein_name,dataset,lower,Median,upper
aasub,envelope protein E,test_rmse,0.7788075000000001,0.7881499999999999,0.798705
aasub,envelope protein E,train_rmse,0.7810999999999999,0.7822999999999999,0.7832524999999999
