featureType,protein_name,dataset,lower,Median,upper
aasub,envelope protein E,test_rmse,0.7756075,0.7860499999999999,0.7978824999999998
aasub,envelope protein E,train_rmse,0.7789475000000001,0.7801999999999999,0.7814524999999999
