featureType,protein_name,dataset,lower,Median,upper
aasub,envelope protein E,test_rmse,0.7767375000000001,0.7864499999999999,0.7984199999999999
aasub,envelope protein E,train_rmse,0.7804474999999998,0.7817999999999999,0.7828999999999999
