featureType,protein_name,dataset,lower,Median,upper
aasub,envelope protein E,test_rmse,0.7865274999999998,0.7962499999999999,0.8076625
aasub,envelope protein E,train_rmse,0.7899474999999999,0.7912999999999999,0.7923524999999998
