featureType,protein_name,dataset,lower,Median,upper
aasub,envelope protein E,test_rmse,0.7878999999999999,0.7984999999999999,0.8082675000000001
aasub,envelope protein E,train_rmse,0.7912474999999999,0.7922999999999999,0.7934999999999999
