featureType,protein_name,dataset,lower,Median,upper
aasub,envelope protein E,test_rmse,0.7819849999999999,0.7918999999999999,0.8029525000000001
aasub,envelope protein E,train_rmse,0.7854999999999999,0.7867,0.7878524999999998
