featureType,protein_name,dataset,lower,Median,upper
aasub,envelope protein E,test_rmse,0.7905949999999999,0.80145,0.8144925000000001
aasub,envelope protein E,train_rmse,0.7946949999999999,0.7960999999999999,0.7972999999999999
