featureType,protein_name,dataset,lower,Median,upper
aasub,envelope protein E,test_rmse,0.7993999999999999,0.8098000000000001,0.8224400000000001
aasub,envelope protein E,train_rmse,0.8032950000000001,0.8046500000000001,0.8058000000000001
