featureType,protein_name,dataset,lower,Median,upper
aasub,envelope protein E,test_rmse,0.7893949999999998,0.8,0.8113775000000001
aasub,envelope protein E,train_rmse,0.7929949999999999,0.7942999999999999,0.7954524999999999
