featureType,protein_name,dataset,lower,Median,upper
aasub,envelope protein E,test_rmse,0.7776925000000001,0.7893499999999999,0.8004775000000001
aasub,envelope protein E,train_rmse,0.7828949999999999,0.7840999999999999,0.7854574999999999
