featureType,protein_name,dataset,lower,Median,upper
aasub,envelope protein E,test_rmse,0.7832899999999998,0.7956999999999999,0.8081625000000001
aasub,envelope protein E,train_rmse,0.7888474999999999,0.7901499999999999,0.7916
