featureType,protein_name,dataset,lower,Median,upper
aasub,envelope protein E,test_rmse,0.7911474999999999,0.8014,0.8139525000000001
aasub,envelope protein E,train_rmse,0.7948999999999999,0.7962999999999999,0.7973999999999999
