featureType,protein_name,dataset,lower,Median,upper
aasub,envelope protein E,test_rmse,0.7802275000000001,0.7932499999999999,0.8030775000000001
aasub,envelope protein E,train_rmse,0.7853474999999999,0.7863999999999999,0.7878524999999998
