featureType,protein_name,dataset,lower,Median,upper
aasub,envelope protein E,test_rmse,0.8257000000000001,0.8371500000000001,0.8490000000000001
aasub,envelope protein E,train_rmse,0.8307000000000001,0.8320500000000001,0.8333
