featureType,protein_name,dataset,lower,Median,upper
aasub,envelope protein E,test_rmse,0.7894999999999999,0.7997,0.8131525000000001
aasub,envelope protein E,train_rmse,0.7923999999999999,0.7938999999999999,0.7950524999999999
