featureType,protein_name,dataset,lower,Median,upper
aasub,envelope protein E,test_rmse,0.7846899999999999,0.79575,0.8077300000000001
aasub,envelope protein E,train_rmse,0.7886949999999999,0.7900499999999999,0.7912999999999999
