featureType,protein_name,dataset,lower,Median,upper
aasub,envelope protein E,test_rmse,0.7931174999999999,0.8046500000000001,0.8147000000000001
aasub,envelope protein E,train_rmse,0.7973474999999999,0.7984999999999999,0.7997524999999999
