featureType,protein_name,dataset,lower,Median,upper
aasub,envelope protein E,test_rmse,0.814245,0.8250500000000001,0.8362575000000001
aasub,envelope protein E,train_rmse,0.8187000000000001,0.8200000000000001,0.8212050000000001
