featureType,protein_name,dataset,lower,Median,upper
aasub,envelope protein E,test_rmse,0.8047325000000001,0.8159000000000001,0.8288150000000001
aasub,envelope protein E,train_rmse,0.8094475000000001,0.8109000000000001,0.8121
