featureType,protein_name,dataset,lower,Median,upper
aasub,envelope protein E,test_rmse,0.7738225,0.7854999999999999,0.7981624999999999
aasub,envelope protein E,train_rmse,0.7786475000000002,0.7801999999999999,0.7814524999999999
