featureType,protein_name,dataset,lower,Median,upper
aasub,envelope protein E,test_rmse,0.7882225,0.7993999999999999,0.8109675000000001
aasub,envelope protein E,train_rmse,0.7927949999999999,0.7940999999999999,0.7953524999999999
