featureType,protein_name,dataset,lower,Median,upper
aasub,envelope protein E,test_rmse,0.7821899999999999,0.7912499999999999,0.801655
aasub,envelope protein E,train_rmse,0.7841949999999999,0.7853999999999999,0.7863999999999999
