featureType,protein_name,dataset,lower,Median,upper
aasub,envelope protein E,test_rmse,0.7869424999999999,0.7983999999999999,0.80964
aasub,envelope protein E,train_rmse,0.7915949999999998,0.7928999999999999,0.7941524999999999
