featureType,protein_name,dataset,lower,Median,upper
aasub,envelope protein E,test_rmse,0.7820949999999999,0.7918,0.8026200000000001
aasub,envelope protein E,train_rmse,0.7859474999999999,0.7871999999999999,0.7882999999999999
