featureType,protein_name,dataset,lower,Median,upper
aasub,envelope protein E,test_rmse,0.7831849999999999,0.7942499999999999,0.8063625000000001
aasub,envelope protein E,train_rmse,0.7882999999999999,0.7897,0.7908999999999999
