featureType,protein_name,dataset,lower,Median,upper
aasub,envelope protein E,test_rmse,0.7805949999999999,0.7908499999999999,0.8031200000000001
aasub,envelope protein E,train_rmse,0.7849999999999999,0.7863999999999999,0.7875524999999999
