featureType,protein_name,dataset,lower,Median,upper
aasub,envelope protein E,test_rmse,0.8157274999999999,0.8278000000000001,0.8398050000000001
aasub,envelope protein E,train_rmse,0.8209475000000002,0.8223,0.8236525000000001
